<xml xmlns:o="urn:schemas-microsoft-com:office:office"> <o:File HRef="master03.htm"/> <o:File HRef="slide0001.htm"/> <o:File HRef="master03_image001.png"/> <o:File HRef="slide0002.htm"/> <o:File HRef="slide0003.htm"/> <o:File HRef="slide0004.htm"/> <o:File HRef="slide0005.htm"/> <o:File HRef="slide0006.htm"/> <o:File HRef="slide0007.htm"/> <o:File HRef="slide0008.htm"/> <o:File HRef="slide0009.htm"/> <o:File HRef="slide0010.htm"/> <o:File HRef="slide0011.htm"/> <o:File HRef="master03_stylesheet.css"/> <o:File HRef="slide0012.htm"/> <o:File HRef="slide0013.htm"/> <o:File HRef="slide0014.htm"/> <o:File HRef="slide0015.htm"/> <o:File HRef="slide0016.htm"/> <o:File HRef="slide0017.htm"/> <o:File HRef="slide0018.htm"/> <o:File HRef="slide0019.htm"/> <o:File HRef="slide0020.htm"/> <o:File HRef="slide0021.htm"/> <o:File HRef="slide0022.htm"/> <o:MainFile HRef="::CausesOfBufferOverflows.htm"/> <o:File HRef="error.htm"/> <o:File HRef="frame.htm"/> <o:File HRef="next_active.gif"/> <o:File HRef="next_disabled.gif"/> <o:File HRef="prev_active.gif"/> <o:File HRef="prev_disabled.gif"/> <o:File HRef="outline_collapse.gif"/> <o:File HRef="outline_expand.gif"/> <o:File HRef="notes_flag.gif"/> <o:File HRef="fullscr.gif"/> <o:File HRef="fullscrClose.gif"/> <o:File HRef="narration.gif"/> <o:File HRef="navbg.gif"/> <o:File HRef="outline.gif"/> <o:File HRef="space.gif"/> <o:File HRef="blank_notes.htm"/> <o:File HRef="endshow.htm"/> <o:File HRef="navigation_bar.htm"/> <o:File HRef="fullscreen.htm"/> <o:File HRef="fs_navigation_bar.htm"/> <o:File HRef="outline_navigation_bar.htm"/> <o:File HRef="outline_collapsed.htm"/> <o:File HRef="outline_expanded.htm"/> <o:File HRef="slide0023.htm"/> <o:File HRef="slide0024.htm"/> <o:File HRef="slide0025.htm"/> <o:File HRef="slide0026.htm"/> <o:File HRef="slide0027.htm"/> <o:File HRef="slide0028.htm"/> <o:File HRef="slide0029.htm"/> <o:File HRef="slide0030.htm"/> <o:File HRef="slide0031.htm"/> <o:File HRef="slide0032.htm"/> <o:File HRef="slide0033.htm"/> <o:File HRef="script.js"/> <o:File HRef="filelist.xml"/></xml>