<xml xmlns:o="urn:schemas-microsoft-com:office:office"> <o:File HRef="master03.htm"/> <o:File HRef="master02.htm"/> <o:File HRef="slide0001.htm"/> <o:File HRef="master03_image001.png"/> <o:File HRef="slide0002.htm"/> <o:File HRef="slide0002_image002.png"/> <o:File HRef="slide0002_image003.png"/> <o:File HRef="slide0002_image004.png"/> <o:File HRef="slide0002_image005.png"/> <o:File HRef="slide0003.htm"/> <o:File HRef="slide0003_image006.jpg"/> <o:File HRef="slide0003_image008.png"/> <o:File HRef="slide0004.htm"/> <o:File HRef="slide0004_image009.png"/> <o:File HRef="slide0004_image010.png"/> <o:File HRef="slide0005.htm"/> <o:File HRef="slide0005_image011.jpg"/> <o:File HRef="slide0005_image013.jpg"/> <o:File HRef="slide0005_image015.png"/> <o:File HRef="slide0006.htm"/> <o:File HRef="slide0006_image016.png"/> <o:File HRef="slide0006_image017.png"/> <o:File HRef="slide0007.htm"/> <o:File HRef="slide0007_image018.png"/> <o:File HRef="slide0007_image019.png"/> <o:File HRef="slide0008.htm"/> <o:File HRef="slide0008_image020.png"/> <o:File HRef="slide0008_image021.jpg"/> <o:File HRef="slide0008_image023.png"/> <o:File HRef="slide0009.htm"/> <o:File HRef="slide0009_image024.png"/> <o:File HRef="slide0009_image025.png"/> <o:File HRef="slide0009_image026.png"/> <o:File HRef="slide0009_image027.png"/> <o:File HRef="slide0010.htm"/> <o:File HRef="slide0010_image028.png"/> <o:File HRef="slide0010_image029.png"/> <o:File HRef="slide0011.htm"/> <o:File HRef="slide0011_image030.png"/> <o:File HRef="slide0011_image031.png"/> <o:File HRef="slide0011_image032.png"/> <o:File HRef="slide0012.htm"/> <o:File HRef="master03_stylesheet.css"/> <o:File HRef="slide0013.htm"/> <o:File HRef="slide0014.htm"/> <o:File HRef="slide0015.htm"/> <o:File HRef="slide0016.htm"/> <o:File HRef="slide0017.htm"/> <o:File HRef="slide0018.htm"/> <o:File HRef="slide0019.htm"/> <o:File HRef="slide0020.htm"/> <o:File HRef="slide0021.htm"/> <o:File HRef="slide0022.htm"/> <o:File HRef="slide0023.htm"/> <o:File HRef="slide0024.htm"/> <o:MainFile HRef="::BO_SE_Lifecycle.htm"/> <o:File HRef="error.htm"/> <o:File HRef="frame.htm"/> <o:File HRef="next_active.gif"/> <o:File HRef="next_disabled.gif"/> <o:File HRef="prev_active.gif"/> <o:File HRef="prev_disabled.gif"/> <o:File HRef="outline_collapse.gif"/> <o:File HRef="outline_expand.gif"/> <o:File HRef="notes_flag.gif"/> <o:File HRef="fullscr.gif"/> <o:File HRef="fullscrClose.gif"/> <o:File HRef="narration.gif"/> <o:File HRef="navbg.gif"/> <o:File HRef="outline.gif"/> <o:File HRef="space.gif"/> <o:File HRef="blank_notes.htm"/> <o:File HRef="endshow.htm"/> <o:File HRef="navigation_bar.htm"/> <o:File HRef="fullscreen.htm"/> <o:File HRef="fs_navigation_bar.htm"/> <o:File HRef="outline_navigation_bar.htm"/> <o:File HRef="outline_collapsed.htm"/> <o:File HRef="outline_expanded.htm"/> <o:File HRef="slide0025.htm"/> <o:File HRef="slide0026.htm"/> <o:File HRef="slide0027.htm"/> <o:File HRef="slide0028.htm"/> <o:File HRef="slide0029.htm"/> <o:File HRef="slide0030.htm"/> <o:File HRef="slide0031.htm"/> <o:File HRef="slide0032.htm"/> <o:File HRef="slide0033.htm"/> <o:File HRef="slide0034.htm"/> <o:File HRef="slide0035.htm"/> <o:File HRef="slide0036.htm"/> <o:File HRef="script.js"/> <o:File HRef="filelist.xml"/></xml>